week,feature,gtm_theme,related_content_count,content_impressions,content_effective_interactions,feature_landing_visits,feature_entry_clicks,feature_activated_users,feature_completed_users,feature_d7_repeat_users,top_blocker,next_action,owner,status
2026-W27,Kimi Work,从文件夹到交付物,,,,,,,,,,补齐首批教程,PMM,todo
2026-W27,Kimi Agent,目标-计划-执行-校验-交付,,,,,,,,,,补齐任务卡,PMM,todo
2026-W27,Agent Swarm,多 agent 分工做市场调研,,,,,,,,,,补齐案例视频,PMM,todo
2026-W27,Deep Research,老板突然要市场调研,,,,,,,,,,补齐落地页,PMM,todo
2026-W27,Docs,方案/周报/复盘,,,,,,,,,,补齐模板,内容负责人,todo
2026-W27,Slides,资料夹到 PPT 大纲,,,,,,,,,,补齐演示,内容负责人,todo
2026-W27,Sheets,竞品矩阵/活动复盘,,,,,,,,,,补齐表格样例,内容负责人,todo
2026-W27,Websites,活动页/报告页,,,,,,,,,,补齐案例,PMM,todo
2026-W27,Scheduled Tasks,每周自动整理报告,,,,,,,,,,补齐定时任务场景,PMM,todo
